-- phpMyAdmin SQL Dump
-- version 5.2.1
-- https://www.phpmyadmin.net/
--
-- Host: 127.0.0.1
-- Generation Time: Dec 27, 2025 at 07:17 AM
-- Server version: 10.4.32-MariaDB
-- PHP Version: 8.2.12

SET SQL_MODE = "NO_AUTO_VALUE_ON_ZERO";
START TRANSACTION;
SET time_zone = "+00:00";


/*!40101 SET @OLD_CHARACTER_SET_CLIENT=@@CHARACTER_SET_CLIENT */;
/*!40101 SET @OLD_CHARACTER_SET_RESULTS=@@CHARACTER_SET_RESULTS */;
/*!40101 SET @OLD_COLLATION_CONNECTION=@@COLLATION_CONNECTION */;
/*!40101 SET NAMES utf8mb4 */;

--
-- Database: `restau`
--

-- --------------------------------------------------------

--
-- Table structure for table `categories`
--

CREATE TABLE `categories` (
  `id` int(11) NOT NULL,
  `name` varchar(100) NOT NULL,
  `display_order` int(11) DEFAULT 0
) ENGINE=InnoDB DEFAULT CHARSET=utf8mb4 COLLATE=utf8mb4_general_ci;

--
-- Dumping data for table `categories`
--

INSERT INTO `categories` (`id`, `name`, `display_order`) VALUES
(1, 'Burgers', 1),
(2, 'Drinks', 2),
(3, 'Burgers', 1);

-- --------------------------------------------------------

--
-- Table structure for table `item_modifier_links`
--

CREATE TABLE `item_modifier_links` (
  `menu_item_id` int(11) NOT NULL,
  `modifier_group_id` int(11) NOT NULL
) ENGINE=InnoDB DEFAULT CHARSET=utf8mb4 COLLATE=utf8mb4_general_ci;

-- --------------------------------------------------------

--
-- Table structure for table `menu_items`
--

CREATE TABLE `menu_items` (
  `id` int(11) NOT NULL,
  `category_id` int(11) NOT NULL,
  `name` varchar(150) NOT NULL,
  `description` text DEFAULT NULL,
  `price` decimal(10,2) NOT NULL,
  `is_available` tinyint(1) DEFAULT 1,
  `image` varchar(255) DEFAULT NULL
) ENGINE=InnoDB DEFAULT CHARSET=utf8mb4 COLLATE=utf8mb4_general_ci;

--
-- Dumping data for table `menu_items`
--

INSERT INTO `menu_items` (`id`, `category_id`, `name`, `description`, `price`, `is_available`, `image`) VALUES
(1, 1, 'Cheeseburger', 'Beef patty with cheddar', 5.99, 1, 'http://127.0.0.1:8000/images/cheese-burger.png'),
(2, 1, 'Chicken Sandwich', 'Fried chicken with mayo', 6.50, 1, 'http://127.0.0.1:8000/images/chicken-sandwich.png'),
(3, 2, 'Coke Zero', 'No sugar cola', 1.50, 1, 'http://127.0.0.1:8000/images/coke-zero.png'),
(4, 2, 'Iced Tea', 'Lemon flavor', 2.00, 1, 'http://127.0.0.1:8000/images/iced-tea.png'),
(5, 3, 'Cheeseburger', 'Beef patty', 5.99, 1, 'http://127.0.0.1:8000/images/burger.png'),
(6, 3, 'Bacon Burger', 'With crispy bacon', 7.99, 1, 'http://127.0.0.1:8000/images/bacon-burger.png');

-- --------------------------------------------------------

--
-- Table structure for table `migrations`
--

CREATE TABLE `migrations` (
  `id` int(10) UNSIGNED NOT NULL,
  `migration` varchar(255) NOT NULL,
  `batch` int(11) NOT NULL
) ENGINE=InnoDB DEFAULT CHARSET=utf8mb4 COLLATE=utf8mb4_unicode_ci;

-- --------------------------------------------------------

--
-- Table structure for table `modifiers`
--

CREATE TABLE `modifiers` (
  `id` int(11) NOT NULL,
  `group_id` int(11) NOT NULL,
  `name` varchar(100) NOT NULL,
  `additional_cost` decimal(10,2) DEFAULT 0.00
) ENGINE=InnoDB DEFAULT CHARSET=utf8mb4 COLLATE=utf8mb4_general_ci;

-- --------------------------------------------------------

--
-- Table structure for table `modifier_groups`
--

CREATE TABLE `modifier_groups` (
  `id` int(11) NOT NULL,
  `name` varchar(100) NOT NULL,
  `min_selection` int(11) DEFAULT 0,
  `max_selection` int(11) DEFAULT 1
) ENGINE=InnoDB DEFAULT CHARSET=utf8mb4 COLLATE=utf8mb4_general_ci;

-- --------------------------------------------------------

--
-- Table structure for table `orders`
--

CREATE TABLE `orders` (
  `id` int(11) NOT NULL,
  `user_id` int(11) NOT NULL,
  `status` enum('OPEN','COMPLETED','VOIDED') DEFAULT 'OPEN',
  `total_amount` decimal(10,2) DEFAULT 0.00,
  `created_at` timestamp NOT NULL DEFAULT current_timestamp()
) ENGINE=InnoDB DEFAULT CHARSET=utf8mb4 COLLATE=utf8mb4_general_ci;

--
-- Dumping data for table `orders`
--

INSERT INTO `orders` (`id`, `user_id`, `status`, `total_amount`, `created_at`) VALUES
(1, 1, 'COMPLETED', 2.00, '2025-12-23 22:44:11'),
(2, 1, 'COMPLETED', 2.00, '2025-12-23 22:46:32'),
(3, 1, 'COMPLETED', 27.98, '2025-12-23 23:06:09'),
(4, 1, 'COMPLETED', 27.96, '2025-12-24 09:17:31'),
(5, 1, 'COMPLETED', 29.46, '2025-12-25 00:33:19');

-- --------------------------------------------------------

--
-- Table structure for table `order_items`
--

CREATE TABLE `order_items` (
  `id` int(11) NOT NULL,
  `order_id` int(11) NOT NULL,
  `menu_item_id` int(11) NOT NULL,
  `quantity` int(11) NOT NULL DEFAULT 1,
  `price_at_order` decimal(10,2) NOT NULL
) ENGINE=InnoDB DEFAULT CHARSET=utf8mb4 COLLATE=utf8mb4_general_ci;

--
-- Dumping data for table `order_items`
--

INSERT INTO `order_items` (`id`, `order_id`, `menu_item_id`, `quantity`, `price_at_order`) VALUES
(1, 1, 4, 1, 2.00),
(2, 2, 4, 1, 2.00),
(3, 3, 2, 2, 6.50),
(4, 3, 3, 2, 1.50),
(5, 3, 5, 2, 5.99),
(6, 4, 1, 2, 5.99),
(7, 4, 6, 2, 7.99),
(8, 5, 1, 2, 5.99),
(9, 5, 4, 1, 2.00),
(10, 5, 3, 1, 1.50),
(11, 5, 6, 1, 7.99),
(12, 5, 5, 1, 5.99);

-- --------------------------------------------------------

--
-- Table structure for table `order_item_modifiers`
--

CREATE TABLE `order_item_modifiers` (
  `id` int(11) NOT NULL,
  `order_item_id` int(11) NOT NULL,
  `modifier_id` int(11) NOT NULL,
  `cost_at_order` decimal(10,2) NOT NULL
) ENGINE=InnoDB DEFAULT CHARSET=utf8mb4 COLLATE=utf8mb4_general_ci;

-- --------------------------------------------------------

--
-- Table structure for table `payments`
--

CREATE TABLE `payments` (
  `id` int(11) NOT NULL,
  `order_id` int(11) NOT NULL,
  `payment_method` varchar(50) NOT NULL,
  `amount_paid` decimal(10,2) NOT NULL,
  `reference_code` varchar(100) DEFAULT NULL,
  `payment_time` timestamp NOT NULL DEFAULT current_timestamp()
) ENGINE=InnoDB DEFAULT CHARSET=utf8mb4 COLLATE=utf8mb4_general_ci;

-- --------------------------------------------------------

--
-- Table structure for table `users`
--

CREATE TABLE `users` (
  `id` int(11) NOT NULL,
  `username` varchar(50) NOT NULL,
  `password_hash` varchar(255) NOT NULL,
  `role` enum('ADMIN','CASHIER','MANAGER') NOT NULL DEFAULT 'CASHIER',
  `created_at` timestamp NOT NULL DEFAULT current_timestamp()
) ENGINE=InnoDB DEFAULT CHARSET=utf8mb4 COLLATE=utf8mb4_general_ci;

--
-- Dumping data for table `users`
--

INSERT INTO `users` (`id`, `username`, `password_hash`, `role`, `created_at`) VALUES
(1, 'admin', 'dummy_hash_123', 'ADMIN', '2025-12-24 06:31:09');

--
-- Indexes for dumped tables
--

--
-- Indexes for table `categories`
--
ALTER TABLE `categories`
  ADD PRIMARY KEY (`id`);

--
-- Indexes for table `item_modifier_links`
--
ALTER TABLE `item_modifier_links`
  ADD PRIMARY KEY (`menu_item_id`,`modifier_group_id`),
  ADD KEY `modifier_group_id` (`modifier_group_id`);

--
-- Indexes for table `menu_items`
--
ALTER TABLE `menu_items`
  ADD PRIMARY KEY (`id`),
  ADD KEY `category_id` (`category_id`);

--
-- Indexes for table `migrations`
--
ALTER TABLE `migrations`
  ADD PRIMARY KEY (`id`);

--
-- Indexes for table `modifiers`
--
ALTER TABLE `modifiers`
  ADD PRIMARY KEY (`id`),
  ADD KEY `group_id` (`group_id`);

--
-- Indexes for table `modifier_groups`
--
ALTER TABLE `modifier_groups`
  ADD PRIMARY KEY (`id`);

--
-- Indexes for table `orders`
--
ALTER TABLE `orders`
  ADD PRIMARY KEY (`id`),
  ADD KEY `user_id` (`user_id`);

--
-- Indexes for table `order_items`
--
ALTER TABLE `order_items`
  ADD PRIMARY KEY (`id`),
  ADD KEY `order_id` (`order_id`),
  ADD KEY `menu_item_id` (`menu_item_id`);

--
-- Indexes for table `order_item_modifiers`
--
ALTER TABLE `order_item_modifiers`
  ADD PRIMARY KEY (`id`),
  ADD KEY `order_item_id` (`order_item_id`),
  ADD KEY `modifier_id` (`modifier_id`);

--
-- Indexes for table `payments`
--
ALTER TABLE `payments`
  ADD PRIMARY KEY (`id`),
  ADD KEY `order_id` (`order_id`);

--
-- Indexes for table `users`
--
ALTER TABLE `users`
  ADD PRIMARY KEY (`id`),
  ADD UNIQUE KEY `username` (`username`);

--
-- AUTO_INCREMENT for dumped tables
--

--
-- AUTO_INCREMENT for table `categories`
--
ALTER TABLE `categories`
  MODIFY `id` int(11) NOT NULL AUTO_INCREMENT, AUTO_INCREMENT=4;

--
-- AUTO_INCREMENT for table `menu_items`
--
ALTER TABLE `menu_items`
  MODIFY `id` int(11) NOT NULL AUTO_INCREMENT, AUTO_INCREMENT=7;

--
-- AUTO_INCREMENT for table `migrations`
--
ALTER TABLE `migrations`
  MODIFY `id` int(10) UNSIGNED NOT NULL AUTO_INCREMENT;

--
-- AUTO_INCREMENT for table `modifiers`
--
ALTER TABLE `modifiers`
  MODIFY `id` int(11) NOT NULL AUTO_INCREMENT;

--
-- AUTO_INCREMENT for table `modifier_groups`
--
ALTER TABLE `modifier_groups`
  MODIFY `id` int(11) NOT NULL AUTO_INCREMENT;

--
-- AUTO_INCREMENT for table `orders`
--
ALTER TABLE `orders`
  MODIFY `id` int(11) NOT NULL AUTO_INCREMENT, AUTO_INCREMENT=6;

--
-- AUTO_INCREMENT for table `order_items`
--
ALTER TABLE `order_items`
  MODIFY `id` int(11) NOT NULL AUTO_INCREMENT, AUTO_INCREMENT=13;

--
-- AUTO_INCREMENT for table `order_item_modifiers`
--
ALTER TABLE `order_item_modifiers`
  MODIFY `id` int(11) NOT NULL AUTO_INCREMENT;

--
-- AUTO_INCREMENT for table `payments`
--
ALTER TABLE `payments`
  MODIFY `id` int(11) NOT NULL AUTO_INCREMENT;

--
-- AUTO_INCREMENT for table `users`
--
ALTER TABLE `users`
  MODIFY `id` int(11) NOT NULL AUTO_INCREMENT, AUTO_INCREMENT=2;

--
-- Constraints for dumped tables
--

--
-- Constraints for table `item_modifier_links`
--
ALTER TABLE `item_modifier_links`
  ADD CONSTRAINT `item_modifier_links_ibfk_1` FOREIGN KEY (`menu_item_id`) REFERENCES `menu_items` (`id`),
  ADD CONSTRAINT `item_modifier_links_ibfk_2` FOREIGN KEY (`modifier_group_id`) REFERENCES `modifier_groups` (`id`);

--
-- Constraints for table `menu_items`
--
ALTER TABLE `menu_items`
  ADD CONSTRAINT `menu_items_ibfk_1` FOREIGN KEY (`category_id`) REFERENCES `categories` (`id`);

--
-- Constraints for table `modifiers`
--
ALTER TABLE `modifiers`
  ADD CONSTRAINT `modifiers_ibfk_1` FOREIGN KEY (`group_id`) REFERENCES `modifier_groups` (`id`);

--
-- Constraints for table `orders`
--
ALTER TABLE `orders`
  ADD CONSTRAINT `orders_ibfk_1` FOREIGN KEY (`user_id`) REFERENCES `users` (`id`);

--
-- Constraints for table `order_items`
--
ALTER TABLE `order_items`
  ADD CONSTRAINT `order_items_ibfk_1` FOREIGN KEY (`order_id`) REFERENCES `orders` (`id`),
  ADD CONSTRAINT `order_items_ibfk_2` FOREIGN KEY (`menu_item_id`) REFERENCES `menu_items` (`id`);

--
-- Constraints for table `order_item_modifiers`
--
ALTER TABLE `order_item_modifiers`
  ADD CONSTRAINT `order_item_modifiers_ibfk_1` FOREIGN KEY (`order_item_id`) REFERENCES `order_items` (`id`),
  ADD CONSTRAINT `order_item_modifiers_ibfk_2` FOREIGN KEY (`modifier_id`) REFERENCES `modifiers` (`id`);

--
-- Constraints for table `payments`
--
ALTER TABLE `payments`
  ADD CONSTRAINT `payments_ibfk_1` FOREIGN KEY (`order_id`) REFERENCES `orders` (`id`);
COMMIT;

/*!40101 SET CHARACTER_SET_CLIENT=@OLD_CHARACTER_SET_CLIENT */;
/*!40101 SET CHARACTER_SET_RESULTS=@OLD_CHARACTER_SET_RESULTS */;
/*!40101 SET COLLATION_CONNECTION=@OLD_COLLATION_CONNECTION */;
